metin,kategori
dolar hesapımdaki parayı tl ye çevir,para transfer
babama 100k ateşle,para transfer
borcum kaç,borç sorgulama
kredi kartı borcumu öde,kredi kartı
gümrük limitini artır,limit artış
yurt dışı işlem yapacağım,yurtdışı işlem
hesapımı kapat,hesap kapama
blokeli kodla,güvenlik
pins kodum nedir,güvenlik
limiti kontrol et,limit sorgulama
kart kaybettim,kart kaybı
elektronik havale yap,para transfer
hesabımda kaç para kaldı,bakiye sorgulama
fatura öde,ödeme
kart çıkart,kart sipariş
minimum ödeme yap,kredi kartı
dışarıda tl çekebilir miyim,atm sorgulama
paraya faiz ekle,tasarruf
yatırım hesabı aç,yatırım
portföyümü görüntüle,yatırım
hisse al,yatırım
borsa ne durumda,borsa
döviz fiyatları nedir,döviz
altın fiyatı kaç,altın
sigorta yaptır,sigorta
ev kredisi al,kredi
otomobil kredisi istiyorum,kredi
aylık ödeme ne kadar,kredi sorgu
faiz oranını söyle,faiz
bakiye dönem sonu nedir,bakiye sorgulama
ekstresini gönder,ekstrem
karşılaştırma raporunu yap,raporlama
vergi beyannamesini dönem sonu yap,vergi
asgari ödeme kaç,kredi kartı
ücretler nedir,ücret sorgulama
sunuş ücretini sil,ücret kaldırma
vadesi ne zaman,vadesi sorgu
zamlı mı,ücret sorgu
kaç taksit yapabilirim,taksit sorgu
maksimum taksit kaç,taksit
kart ücretini sil,ücret kaldırma
yıllık ücretim nedir,yıllık ücret
kampanyalar neler,kampanya
promosyon kodu var mı,promosyon
cashback al,geri ödeme
reward puan ver,puan
gift card al,kart ürünü
kart tasarımını değiştir,kart tasarım
dijital cüzdan ekle,dijital cüzdan
mobil ödeme yap,mobil ödeme
qr kod ile ödeme,qr ödeme
temassız ödeme yap,temassız ödeme
hesap para yatır,para yatırma
para çek,para çekme
kirayı öde,ödeme
vergimi öde,ödeme
sigorta primini öde,sigorta ödeme
okul harçlığını yatır,para yatırma
kiras harita ver,ödeme bilgisi
otogol ücretini öde,ödeme
elektrik faturasını bayiye öde bayiye,ödeme
su faturası,ödeme
doğal gaz faturası,ödeme
telefon faturası,ödeme
internet faturası,ödeme
özür dilerim yanlış tuşladım,hata
operörünü konuşmak istiyorum,destek
şikayetim var,şikayet
daha detaylı sorularım var,destek
ihtilaf yapacağım,ihtilaf
karşılığı yoksa mal ver,iadede
kart kartaya kayıt yap,karttan kart
banka kartı kimliklendirme,tanımlama
atm lokasyonunu,bilgilendirme
şubeler nerede,bilgilendirme
müşteri hizmetleri,destek
sigorta poliçesi nedir,sigorta bilgi
yatırım danışmanlığı,danışmanlık
emlak danışmanlığı,danışmanlık
gözlük fiyatı,ürün sorgusu
işletme kredisi,işletme hizmetleri
tarım kredisi,tarım
dış ticaret finansmanı,finans
